claim_id,claim_date,claim_report_date,policy_id,vehicle_age_years,claim_amount,days_to_report,previous_claims,city,garage_type,accident_type,fraud_flag
1,2024-04-12 00:00:00,2024-04-26 00:00:00,1102,19,26683.21,14,4,Pune,Authorized,Theft,1
2,2024-06-28 00:00:00,2024-06-30 00:00:00,1435,5,184326.69,2,3,Chennai,Local,Theft,1
3,2024-04-02 00:00:00,2024-04-11 00:00:00,1860,9,174239.48,9,1,Mumbai,Authorized,Flood,0
4,2024-01-15 00:00:00,2024-02-21 00:00:00,1270,12,104729.94,37,2,Hyderabad,Local,Fire,1
5,2024-04-16 00:00:00,2024-05-06 00:00:00,1106,1,119072.54,20,1,Bangalore,Authorized,Flood,0
6,2024-03-12 00:00:00,2024-04-07 00:00:00,1071,1,81002.54,26,0,Hyderabad,Authorized,Flood,1
7,2024-01-21 00:00:00,2024-02-19 00:00:00,1700,15,12842.8,29,1,Chennai,Local,Theft,1
8,2024-04-12 00:00:00,2024-04-13 00:00:00,1020,2,68369.05,1,0,Chennai,Authorized,Flood,0
9,2024-05-01 00:00:00,2024-06-05 00:00:00,1614,16,160964.98,35,0,Chennai,Local,Fire,1
10,2024-03-15 00:00:00,2024-03-21 00:00:00,1121,8,2917.14,6,2,Hyderabad,Local,Flood,0
11,2024-03-28 00:00:00,2024-05-04 00:00:00,1466,13,68032.84,37,3,Chennai,Authorized,Fire,1
12,2024-04-26 00:00:00,2024-05-01 00:00:00,1214,1,80837.4,5,1,Mumbai,Local,Fire,0
13,2024-04-09 00:00:00,2024-05-12 00:00:00,1330,16,108404.33,33,0,Chennai,Local,Theft,1
14,2024-04-13 00:00:00,2024-04-27 00:00:00,1458,7,184131.41,14,1,Delhi,Authorized,Collision,0
15,2024-05-31 00:00:00,2024-06-12 00:00:00,1087,5,70576.51,12,3,Hyderabad,Authorized,Collision,1
16,2024-05-10 00:00:00,2024-06-21 00:00:00,1372,3,70696.73,42,3,Delhi,Authorized,Theft,1
17,2024-05-29 00:00:00,2024-06-18 00:00:00,1099,12,148025.25,20,4,Chennai,Local,Flood,1
18,2024-02-22 00:00:00,2024-03-17 00:00:00,1871,16,91539.15,24,3,Mumbai,Local,Theft,1
19,2024-01-02 00:00:00,2024-02-14 00:00:00,1663,19,46471.75,43,2,Bangalore,Local,Fire,1
20,2024-03-28 00:00:00,2024-05-01 00:00:00,1130,5,91583.02,34,0,Pune,Local,Collision,1
21,2024-06-06 00:00:00,2024-07-01 00:00:00,1661,14,29889.69,25,4,Pune,Authorized,Theft,1
22,2024-02-07 00:00:00,2024-03-07 00:00:00,1308,5,36924.62,29,2,Chennai,Authorized,Flood,1
23,2024-05-09 00:00:00,2024-06-17 00:00:00,1769,15,100676.82,39,1,Mumbai,Local,Theft,1
24,2024-01-21 00:00:00,2024-02-21 00:00:00,1343,17,84947.24,31,0,Hyderabad,Authorized,Collision,1
25,2024-06-09 00:00:00,2024-07-22 00:00:00,1491,14,183139.49,43,3,Delhi,Local,Theft,1
26,2024-02-27 00:00:00,2024-03-21 00:00:00,1413,5,73753.99,23,0,Delhi,Authorized,Theft,1
27,2024-01-22 00:00:00,2024-03-06 00:00:00,1805,12,116956.49,44,1,Delhi,Authorized,Collision,1
28,2024-03-29 00:00:00,2024-05-06 00:00:00,1385,16,127188.33,38,4,Hyderabad,Local,Fire,1
29,2024-02-18 00:00:00,2024-03-09 00:00:00,1191,16,4592.7,20,4,Pune,Local,Fire,1
30,2024-02-28 00:00:00,2024-03-22 00:00:00,1955,7,133380.4,23,4,Mumbai,Authorized,Collision,1
31,2024-06-18 00:00:00,2024-07-04 00:00:00,1276,4,37251.12,16,3,Hyderabad,Local,Theft,1
32,2024-01-15 00:00:00,2024-02-26 00:00:00,1160,1,192291.92,42,2,Delhi,Authorized,Collision,1
33,2024-06-23 00:00:00,2024-07-01 00:00:00,1459,5,31435.22,8,2,Chennai,Local,Fire,0
34,2024-02-20 00:00:00,2024-03-12 00:00:00,1313,10,84095.58,21,0,Bangalore,Local,Flood,1
35,2024-04-17 00:00:00,2024-04-18 00:00:00,1021,5,18899.23,1,3,Hyderabad,Local,Theft,1
36,2024-02-24 00:00:00,2024-03-03 00:00:00,1252,4,199381.1,8,4,Hyderabad,Local,Fire,1
37,2024-03-04 00:00:00,2024-04-02 00:00:00,1747,2,101434.61,29,4,Mumbai,Authorized,Theft,1
38,2024-05-10 00:00:00,2024-06-11 00:00:00,1856,10,119886.23,32,1,Mumbai,Authorized,Collision,1
39,2024-02-20 00:00:00,2024-03-29 00:00:00,1560,19,15281.14,38,1,Hyderabad,Local,Flood,1
40,2024-05-14 00:00:00,2024-05-19 00:00:00,1474,1,150492.17,5,4,Delhi,Authorized,Collision,1
41,2024-01-21 00:00:00,2024-02-12 00:00:00,1058,5,43561.31,22,4,Bangalore,Local,Flood,1
42,2024-03-13 00:00:00,2024-04-16 00:00:00,1510,13,179814.75,34,3,Mumbai,Authorized,Theft,1
43,2024-06-15 00:00:00,2024-06-16 00:00:00,1681,4,42617.65,1,2,Delhi,Local,Theft,0
44,2024-01-18 00:00:00,2024-02-13 00:00:00,1475,16,39756.17,26,1,Chennai,Local,Collision,1
45,2024-05-11 00:00:00,2024-06-23 00:00:00,1699,16,9236.83,43,2,Mumbai,Local,Flood,1
46,2024-03-29 00:00:00,2024-04-08 00:00:00,1975,2,95469.26,10,3,Delhi,Authorized,Flood,1
47,2024-02-29 00:00:00,2024-03-30 00:00:00,1782,17,113838.54,30,4,Delhi,Local,Theft,1
48,2024-01-14 00:00:00,2024-02-01 00:00:00,1189,12,15010.31,18,2,Bangalore,Authorized,Collision,0
49,2024-01-09 00:00:00,2024-01-26 00:00:00,1957,18,155554.47,17,4,Bangalore,Authorized,Flood,1
50,2024-03-30 00:00:00,2024-04-25 00:00:00,1686,3,91751.19,26,4,Chennai,Local,Theft,1
51,2024-02-22 00:00:00,2024-03-01 00:00:00,1957,1,105829.27,8,0,Delhi,Local,Fire,0
52,2024-05-09 00:00:00,2024-06-18 00:00:00,1562,1,89271.02,40,2,Pune,Local,Collision,1
53,2024-03-24 00:00:00,2024-04-05 00:00:00,1875,19,81351.09,12,2,Delhi,Authorized,Fire,0
54,2024-04-01 00:00:00,2024-04-28 00:00:00,1566,11,112808.79,27,4,Bangalore,Authorized,Collision,1
55,2024-04-20 00:00:00,2024-04-28 00:00:00,1243,5,32737.57,8,3,Pune,Authorized,Theft,1
56,2024-06-20 00:00:00,2024-07-15 00:00:00,1831,12,38021.77,25,0,Mumbai,Authorized,Flood,1
57,2024-01-08 00:00:00,2024-01-12 00:00:00,1504,3,172633.55,4,4,Mumbai,Authorized,Flood,1
58,2024-06-23 00:00:00,2024-07-26 00:00:00,1130,1,189330.86,33,1,Hyderabad,Local,Flood,1
59,2024-02-04 00:00:00,2024-02-05 00:00:00,1484,1,75915.24,1,1,Bangalore,Authorized,Collision,0
60,2024-03-21 00:00:00,2024-04-09 00:00:00,1818,8,55607.45,19,0,Hyderabad,Local,Theft,0
61,2024-06-12 00:00:00,2024-07-13 00:00:00,1646,10,129511.91,31,3,Pune,Local,Fire,1
62,2024-02-19 00:00:00,2024-03-06 00:00:00,1020,11,82929.37,16,4,Bangalore,Local,Theft,1
63,2024-04-13 00:00:00,2024-04-27 00:00:00,1840,12,7026.5,14,2,Chennai,Local,Fire,0
64,2024-05-11 00:00:00,2024-05-16 00:00:00,1166,13,32918.21,5,0,Delhi,Local,Collision,0
65,2024-01-02 00:00:00,2024-02-12 00:00:00,1273,12,143762.5,41,3,Chennai,Authorized,Collision,1
66,2024-05-13 00:00:00,2024-06-08 00:00:00,1387,14,132466.94,26,2,Pune,Authorized,Fire,1
67,2024-02-23 00:00:00,2024-03-22 00:00:00,1600,2,7365.01,28,1,Bangalore,Authorized,Fire,1
68,2024-04-15 00:00:00,2024-04-17 00:00:00,1315,19,45950.49,2,1,Pune,Authorized,Fire,0
69,2024-01-04 00:00:00,2024-01-10 00:00:00,1013,18,47752.81,6,2,Delhi,Local,Theft,0
70,2024-02-23 00:00:00,2024-03-03 00:00:00,1241,3,135034.76,9,0,Mumbai,Authorized,Fire,0
71,2024-05-25 00:00:00,2024-06-27 00:00:00,1776,17,5902.69,33,1,Mumbai,Local,Collision,1
72,2024-02-13 00:00:00,2024-03-25 00:00:00,1345,8,22613.5,41,4,Pune,Local,Collision,1
73,2024-06-10 00:00:00,2024-07-05 00:00:00,1564,10,160383.38,25,2,Hyderabad,Authorized,Flood,1
74,2024-01-14 00:00:00,2024-01-27 00:00:00,1897,2,37351.84,13,2,Bangalore,Local,Fire,0
75,2024-04-04 00:00:00,2024-04-13 00:00:00,1339,19,131243.73,9,1,Bangalore,Authorized,Theft,0
76,2024-02-17 00:00:00,2024-03-01 00:00:00,1091,9,49160.19,13,0,Mumbai,Authorized,Theft,0
77,2024-01-15 00:00:00,2024-02-15 00:00:00,1366,7,21689.4,31,4,Chennai,Local,Theft,1
78,2024-02-09 00:00:00,2024-03-21 00:00:00,1955,4,50148.09,41,0,Delhi,Authorized,Flood,1
79,2024-03-22 00:00:00,2024-04-02 00:00:00,1454,18,145008.85,11,3,Chennai,Local,Collision,1
80,2024-04-20 00:00:00,2024-04-24 00:00:00,1427,13,171427.9,4,3,Chennai,Authorized,Theft,1
81,2024-02-22 00:00:00,2024-03-27 00:00:00,1508,11,166383.53,34,1,Pune,Authorized,Collision,1
82,2024-01-24 00:00:00,2024-03-02 00:00:00,1775,4,80642.34,38,1,Mumbai,Local,Flood,1
83,2024-06-02 00:00:00,2024-06-06 00:00:00,1942,4,134280.86,4,1,Mumbai,Authorized,Fire,0
84,2024-05-03 00:00:00,2024-06-10 00:00:00,1034,10,42586.89,38,3,Mumbai,Authorized,Fire,1
85,2024-02-10 00:00:00,2024-02-29 00:00:00,1205,5,60043.25,19,0,Pune,Authorized,Fire,0
86,2024-06-05 00:00:00,2024-06-11 00:00:00,1080,9,179474.49,6,0,Hyderabad,Local,Theft,0
87,2024-01-15 00:00:00,2024-02-18 00:00:00,1931,3,4574.38,34,1,Chennai,Authorized,Fire,1
88,2024-02-14 00:00:00,2024-03-03 00:00:00,1561,17,18930.69,18,4,Pune,Authorized,Theft,1
89,2024-03-05 00:00:00,2024-03-18 00:00:00,1871,3,43161.48,13,0,Bangalore,Authorized,Flood,0
90,2024-03-29 00:00:00,2024-05-09 00:00:00,1387,16,7253.38,41,3,Delhi,Authorized,Flood,1
91,2024-03-11 00:00:00,2024-04-03 00:00:00,1001,4,37924.22,23,2,Hyderabad,Local,Theft,1
92,2024-01-09 00:00:00,2024-01-28 00:00:00,1389,18,117442.23,19,2,Bangalore,Local,Collision,0
93,2024-03-28 00:00:00,2024-04-08 00:00:00,1565,17,85442.06,11,2,Chennai,Authorized,Fire,0
94,2024-05-08 00:00:00,2024-05-09 00:00:00,1105,7,178749,1,4,Mumbai,Local,Fire,1
95,2024-05-15 00:00:00,2024-06-08 00:00:00,1771,5,163853.83,24,1,Chennai,Authorized,Fire,1
96,2024-03-03 00:00:00,2024-03-10 00:00:00,1821,12,69679.84,7,3,Pune,Local,Theft,1
97,2024-05-18 00:00:00,2024-06-12 00:00:00,1476,17,53365.84,25,4,Delhi,Local,Flood,1
98,2024-03-21 00:00:00,2024-04-11 00:00:00,1702,13,77179.1,21,3,Pune,Authorized,Fire,1
99,2024-05-15 00:00:00,2024-05-30 00:00:00,1401,3,118878.4,15,3,Hyderabad,Local,Flood,1
100,2024-06-11 00:00:00,2024-06-12 00:00:00,1729,9,55076.6,1,1,Hyderabad,Local,Fire,0
101,2024-06-11 00:00:00,2024-06-23 00:00:00,1555,17,125581.48,12,2,Delhi,Authorized,Fire,0
102,2024-02-02 00:00:00,2024-02-09 00:00:00,1161,17,83063.51,7,1,Bangalore,Authorized,Theft,0
103,2024-05-02 00:00:00,2024-05-17 00:00:00,1201,16,111305.34,15,4,Bangalore,Authorized,Collision,1
104,2024-01-05 00:00:00,2024-01-26 00:00:00,1957,13,88353.05,21,4,Hyderabad,Local,Theft,1
105,2024-02-10 00:00:00,2024-02-29 00:00:00,1995,19,60304.22,19,4,Hyderabad,Local,Fire,1
106,2024-01-28 00:00:00,2024-02-26 00:00:00,1269,17,189793.75,29,1,Mumbai,Local,Fire,1
107,2024-05-14 00:00:00,2024-06-08 00:00:00,1862,4,153193.95,25,3,Bangalore,Local,Collision,1
108,2024-03-12 00:00:00,2024-04-14 00:00:00,1815,12,29742.41,33,3,Delhi,Local,Flood,1
109,2024-01-12 00:00:00,2024-02-13 00:00:00,1270,9,173956.66,32,0,Bangalore,Local,Flood,1
110,2024-06-10 00:00:00,2024-07-15 00:00:00,1455,19,98511.38,35,4,Mumbai,Local,Fire,1
111,2024-02-02 00:00:00,2024-03-17 00:00:00,1461,12,179121.34,44,3,Pune,Authorized,Flood,1
112,2024-02-17 00:00:00,2024-03-26 00:00:00,1726,9,160371.34,38,0,Hyderabad,Authorized,Fire,1
113,2024-05-30 00:00:00,2024-06-25 00:00:00,1251,7,86192.27,26,3,Hyderabad,Local,Collision,1
114,2024-03-02 00:00:00,2024-03-13 00:00:00,1701,14,6448.92,11,4,Mumbai,Authorized,Collision,1
115,2024-02-06 00:00:00,2024-03-12 00:00:00,1295,19,55198.12,35,2,Delhi,Local,Fire,1
116,2024-04-08 00:00:00,2024-04-16 00:00:00,1724,15,109243.57,8,4,Hyderabad,Authorized,Collision,1
117,2024-06-20 00:00:00,2024-07-04 00:00:00,1719,16,127428.69,14,1,Chennai,Authorized,Theft,0
118,2024-04-13 00:00:00,2024-04-23 00:00:00,1748,5,53061.76,10,3,Hyderabad,Local,Theft,1
119,2024-02-04 00:00:00,2024-02-06 00:00:00,1337,3,29592.5,2,3,Chennai,Authorized,Collision,1
120,2024-04-10 00:00:00,2024-04-19 00:00:00,1878,12,167316.19,9,1,Mumbai,Authorized,Fire,0
121,2024-06-23 00:00:00,2024-06-26 00:00:00,1052,4,196911.63,3,1,Mumbai,Authorized,Fire,0
122,2024-05-10 00:00:00,2024-05-31 00:00:00,1791,16,106086.66,21,2,Hyderabad,Local,Collision,1
123,2024-01-01 00:00:00,2024-01-27 00:00:00,1921,7,35992.5,26,3,Bangalore,Authorized,Flood,1
124,2024-01-05 00:00:00,2024-01-13 00:00:00,1216,13,55916.85,8,3,Chennai,Local,Theft,1
125,2024-05-21 00:00:00,2024-05-23 00:00:00,1763,10,5641.35,2,2,Delhi,Authorized,Flood,0
126,2024-04-12 00:00:00,2024-04-18 00:00:00,1187,7,183031.16,6,0,Hyderabad,Local,Fire,0
127,2024-01-27 00:00:00,2024-02-24 00:00:00,1379,14,25314.71,28,2,Delhi,Local,Fire,1
128,2024-05-16 00:00:00,2024-06-14 00:00:00,1492,5,116150.26,29,4,Hyderabad,Authorized,Flood,1
129,2024-01-15 00:00:00,2024-02-10 00:00:00,1040,3,56262.93,26,3,Bangalore,Authorized,Collision,1
130,2024-03-30 00:00:00,2024-04-24 00:00:00,1156,11,111727.24,25,1,Bangalore,Authorized,Flood,1
131,2024-02-11 00:00:00,2024-02-23 00:00:00,1014,11,130981.24,12,4,Bangalore,Local,Flood,1
132,2024-05-03 00:00:00,2024-05-08 00:00:00,1812,18,166288.88,5,3,Pune,Authorized,Theft,1
133,2024-06-27 00:00:00,2024-07-31 00:00:00,1064,15,42871.41,34,2,Bangalore,Authorized,Theft,1
134,2024-03-03 00:00:00,2024-04-09 00:00:00,1856,12,4177.17,37,4,Mumbai,Authorized,Flood,1
135,2024-04-05 00:00:00,2024-04-20 00:00:00,1838,9,29103.35,15,3,Mumbai,Authorized,Flood,1
136,2024-02-21 00:00:00,2024-04-05 00:00:00,1520,10,180203.69,44,0,Pune,Authorized,Fire,1
137,2024-04-05 00:00:00,2024-05-11 00:00:00,1343,12,175030.24,36,0,Chennai,Local,Theft,1
138,2024-05-11 00:00:00,2024-05-26 00:00:00,1128,17,120287.79,15,1,Delhi,Local,Theft,0
139,2024-05-30 00:00:00,2024-07-12 00:00:00,1647,6,120902.34,43,3,Hyderabad,Authorized,Fire,1
140,2024-05-22 00:00:00,2024-06-14 00:00:00,1471,7,133677.26,23,0,Hyderabad,Authorized,Collision,1
141,2024-06-19 00:00:00,2024-06-25 00:00:00,1062,14,36723.51,6,2,Pune,Authorized,Theft,0
142,2024-01-29 00:00:00,2024-03-13 00:00:00,1138,13,183053.57,44,3,Mumbai,Local,Theft,1
143,2024-02-05 00:00:00,2024-03-19 00:00:00,1498,8,84916.56,43,2,Hyderabad,Local,Collision,1
144,2024-01-13 00:00:00,2024-02-03 00:00:00,1592,10,77861.43,21,2,Mumbai,Local,Theft,1
145,2024-06-08 00:00:00,2024-07-01 00:00:00,1391,9,104745.71,23,0,Chennai,Local,Theft,1
146,2024-03-11 00:00:00,2024-04-23 00:00:00,1674,18,11299.26,43,3,Delhi,Authorized,Collision,1
147,2024-03-26 00:00:00,2024-04-11 00:00:00,1418,2,34924.11,16,4,Chennai,Local,Collision,1
148,2024-01-28 00:00:00,2024-02-12 00:00:00,1288,5,148130.66,15,0,Pune,Local,Flood,0
149,2024-03-06 00:00:00,2024-03-31 00:00:00,1378,5,18394.14,25,0,Bangalore,Authorized,Fire,1
150,2024-06-18 00:00:00,2024-07-24 00:00:00,1772,6,121424.12,36,3,Bangalore,Local,Fire,1
151,2024-02-14 00:00:00,2024-02-25 00:00:00,1489,19,50579.12,11,3,Bangalore,Authorized,Collision,1
152,2024-03-02 00:00:00,2024-03-17 00:00:00,1230,8,79080.53,15,2,Chennai,Local,Collision,0
153,2024-05-13 00:00:00,2024-05-17 00:00:00,1040,16,59161.36,4,3,Hyderabad,Authorized,Theft,1
154,2024-01-28 00:00:00,2024-02-18 00:00:00,1027,13,72423.2,21,2,Delhi,Authorized,Flood,1
155,2024-01-28 00:00:00,2024-02-10 00:00:00,1134,1,144371.09,13,0,Bangalore,Local,Flood,0
156,2024-04-17 00:00:00,2024-05-09 00:00:00,1200,17,60830.1,22,1,Pune,Authorized,Collision,1
157,2024-02-13 00:00:00,2024-03-03 00:00:00,1839,7,114148.12,19,4,Pune,Authorized,Theft,1
158,2024-03-24 00:00:00,2024-04-27 00:00:00,1779,13,96257.98,34,0,Bangalore,Authorized,Theft,1
159,2024-01-30 00:00:00,2024-02-13 00:00:00,1929,4,133406.89,14,3,Bangalore,Local,Fire,1
160,2024-03-15 00:00:00,2024-03-19 00:00:00,1032,4,187492.29,4,4,Delhi,Authorized,Fire,1
161,2024-05-07 00:00:00,2024-06-03 00:00:00,1047,6,147049.28,27,1,Bangalore,Authorized,Theft,1
162,2024-04-01 00:00:00,2024-04-30 00:00:00,1502,19,44558.19,29,1,Delhi,Local,Fire,1
163,2024-05-08 00:00:00,2024-06-05 00:00:00,1406,12,8174.26,28,2,Pune,Local,Collision,1
164,2024-04-30 00:00:00,2024-06-04 00:00:00,1573,7,53928.28,35,4,Bangalore,Authorized,Theft,1
165,2024-01-27 00:00:00,2024-02-04 00:00:00,1727,10,119825.43,8,2,Chennai,Local,Fire,0
166,2024-04-30 00:00:00,2024-05-16 00:00:00,1804,19,12182.31,16,0,Chennai,Local,Flood,0
167,2024-04-25 00:00:00,2024-06-06 00:00:00,1098,7,100280.52,42,4,Pune,Local,Theft,1
168,2024-01-03 00:00:00,2024-02-08 00:00:00,1683,3,120174.88,36,0,Delhi,Authorized,Theft,1
169,2024-04-12 00:00:00,2024-05-12 00:00:00,1871,13,68180.29,30,2,Chennai,Authorized,Flood,1
170,2024-06-03 00:00:00,2024-06-21 00:00:00,1725,13,154640.62,18,4,Delhi,Authorized,Collision,1
171,2024-05-16 00:00:00,2024-05-18 00:00:00,1986,18,23106.45,2,2,Chennai,Authorized,Flood,0
172,2024-03-02 00:00:00,2024-03-15 00:00:00,1546,8,16877.28,13,4,Chennai,Authorized,Theft,1
173,2024-06-13 00:00:00,2024-06-17 00:00:00,1960,9,146181.37,4,2,Delhi,Authorized,Collision,0
174,2024-02-20 00:00:00,2024-03-17 00:00:00,1738,7,100107.28,26,1,Hyderabad,Local,Fire,1
175,2024-06-20 00:00:00,2024-07-15 00:00:00,1612,1,138303.67,25,2,Chennai,Authorized,Fire,1
176,2024-05-31 00:00:00,2024-06-30 00:00:00,1942,3,88095.81,30,1,Bangalore,Authorized,Fire,1
177,2024-02-28 00:00:00,2024-03-10 00:00:00,1461,13,50787.6,11,2,Pune,Local,Theft,0
178,2024-04-27 00:00:00,2024-05-04 00:00:00,1642,17,164182.26,7,4,Hyderabad,Authorized,Flood,1
179,2024-06-08 00:00:00,2024-07-09 00:00:00,1768,1,160284.34,31,4,Delhi,Authorized,Collision,1
180,2024-04-05 00:00:00,2024-05-19 00:00:00,1004,6,139549.9,44,4,Hyderabad,Local,Fire,1
181,2024-06-28 00:00:00,2024-07-08 00:00:00,1217,6,55884.74,10,3,Mumbai,Authorized,Collision,1
182,2024-04-22 00:00:00,2024-05-31 00:00:00,1502,12,118865.67,39,0,Mumbai,Local,Theft,1
183,2024-03-02 00:00:00,2024-03-15 00:00:00,1766,13,73472.83,13,4,Chennai,Local,Fire,1
184,2024-02-21 00:00:00,2024-03-23 00:00:00,1397,13,20133.25,31,1,Chennai,Authorized,Theft,1
185,2024-01-12 00:00:00,2024-01-19 00:00:00,1870,15,183628.09,7,4,Bangalore,Local,Flood,1
186,2024-02-08 00:00:00,2024-03-21 00:00:00,1794,16,29090.09,42,3,Pune,Authorized,Theft,1
187,2024-05-09 00:00:00,2024-06-20 00:00:00,1392,11,190147,42,1,Hyderabad,Authorized,Theft,1
188,2024-05-10 00:00:00,2024-06-15 00:00:00,1206,5,90309.14,36,3,Mumbai,Authorized,Flood,1
189,2024-04-22 00:00:00,2024-05-12 00:00:00,1014,4,38656.32,20,1,Chennai,Authorized,Collision,0
190,2024-04-10 00:00:00,2024-04-14 00:00:00,1857,3,109296.39,4,2,Pune,Local,Flood,0
191,2024-04-22 00:00:00,2024-04-29 00:00:00,1553,19,174843.28,7,0,Hyderabad,Authorized,Flood,0
192,2024-03-21 00:00:00,2024-03-22 00:00:00,1891,18,146980.53,1,0,Chennai,Authorized,Theft,0
193,2024-04-22 00:00:00,2024-06-05 00:00:00,1460,15,161699.11,44,3,Chennai,Authorized,Collision,1
194,2024-01-02 00:00:00,2024-02-13 00:00:00,1690,9,132439.11,42,0,Mumbai,Authorized,Fire,1
195,2024-05-09 00:00:00,2024-05-22 00:00:00,1574,17,139070.76,13,3,Mumbai,Authorized,Flood,1
196,2024-02-23 00:00:00,2024-03-16 00:00:00,1863,14,170140.74,22,3,Chennai,Authorized,Collision,1
197,2024-03-27 00:00:00,2024-04-17 00:00:00,1742,15,51434.27,21,3,Delhi,Local,Flood,1
198,2024-05-08 00:00:00,2024-05-30 00:00:00,1240,1,98906.14,22,0,Chennai,Authorized,Flood,1
199,2024-05-26 00:00:00,2024-06-23 00:00:00,1563,3,45799.47,28,3,Pune,Authorized,Flood,1
200,2024-05-05 00:00:00,2024-05-14 00:00:00,1095,16,197558.27,9,0,Chennai,Authorized,Flood,0
201,2024-05-09 00:00:00,2024-06-04 00:00:00,1899,11,188923.75,26,3,Bangalore,Authorized,Theft,1
202,2024-02-22 00:00:00,2024-03-02 00:00:00,1733,12,9806.51,9,4,Bangalore,Local,Collision,1
203,2024-06-20 00:00:00,2024-07-05 00:00:00,1484,10,141703.88,15,3,Bangalore,Authorized,Collision,1
204,2024-06-08 00:00:00,2024-06-18 00:00:00,1406,16,185199.17,10,1,Delhi,Authorized,Collision,0
205,2024-06-08 00:00:00,2024-07-02 00:00:00,1230,8,37753.92,24,3,Delhi,Authorized,Flood,1
206,2024-03-08 00:00:00,2024-04-19 00:00:00,1748,6,114453.16,42,2,Chennai,Local,Theft,1
207,2024-05-02 00:00:00,2024-05-10 00:00:00,1654,12,183266.68,8,3,Bangalore,Local,Flood,1
208,2024-05-24 00:00:00,2024-06-17 00:00:00,1170,8,8721.3,24,1,Delhi,Authorized,Flood,1
209,2024-02-07 00:00:00,2024-02-23 00:00:00,1540,4,140089.21,16,1,Mumbai,Local,Collision,0
210,2024-01-24 00:00:00,2024-02-19 00:00:00,1035,8,60875.1,26,0,Chennai,Local,Flood,1
211,2024-03-09 00:00:00,2024-04-05 00:00:00,1524,18,185030.45,27,4,Pune,Local,Fire,1
212,2024-04-25 00:00:00,2024-06-01 00:00:00,1159,5,194269.53,37,3,Hyderabad,Local,Flood,1
213,2024-04-07 00:00:00,2024-04-11 00:00:00,1838,9,188964.76,4,0,Chennai,Authorized,Fire,0
214,2024-05-18 00:00:00,2024-06-11 00:00:00,1698,4,95894.41,24,4,Hyderabad,Authorized,Flood,1
215,2024-05-23 00:00:00,2024-06-11 00:00:00,1242,17,172684.44,19,3,Bangalore,Authorized,Theft,1
216,2024-04-06 00:00:00,2024-05-12 00:00:00,1085,9,169220.78,36,2,Hyderabad,Authorized,Theft,1
217,2024-05-03 00:00:00,2024-06-11 00:00:00,1795,1,65181.89,39,3,Bangalore,Local,Collision,1
218,2024-03-10 00:00:00,2024-03-20 00:00:00,1577,13,166125.26,10,1,Mumbai,Authorized,Flood,0
219,2024-04-02 00:00:00,2024-04-27 00:00:00,1681,16,9327.51,25,1,Hyderabad,Authorized,Fire,1
220,2024-01-03 00:00:00,2024-01-21 00:00:00,1556,13,120061.44,18,2,Chennai,Local,Fire,0
221,2024-05-27 00:00:00,2024-06-15 00:00:00,1573,14,47541.75,19,0,Bangalore,Authorized,Flood,0
222,2024-06-12 00:00:00,2024-07-18 00:00:00,1952,3,25872.24,36,4,Chennai,Authorized,Fire,1
223,2024-05-26 00:00:00,2024-06-05 00:00:00,1645,6,17236.73,10,3,Delhi,Authorized,Theft,1
224,2024-03-30 00:00:00,2024-05-02 00:00:00,1795,18,139865.18,33,1,Bangalore,Authorized,Fire,1
225,2024-05-26 00:00:00,2024-05-31 00:00:00,1027,19,69295.24,5,0,Hyderabad,Local,Collision,0
226,2024-05-27 00:00:00,2024-07-01 00:00:00,1619,5,145503.82,35,2,Bangalore,Authorized,Theft,1
227,2024-04-05 00:00:00,2024-05-19 00:00:00,1555,15,14940.56,44,1,Chennai,Authorized,Theft,1
228,2024-02-21 00:00:00,2024-03-26 00:00:00,1339,2,64427.49,34,2,Mumbai,Authorized,Theft,1
229,2024-06-09 00:00:00,2024-07-12 00:00:00,1797,10,108819.28,33,3,Bangalore,Authorized,Flood,1
230,2024-06-16 00:00:00,2024-07-07 00:00:00,1957,18,158563.19,21,4,Hyderabad,Local,Flood,1
231,2024-05-07 00:00:00,2024-05-24 00:00:00,1330,13,65113,17,1,Delhi,Authorized,Theft,0
232,2024-02-08 00:00:00,2024-03-01 00:00:00,1639,5,125926.49,22,1,Pune,Authorized,Flood,1
233,2024-03-22 00:00:00,2024-04-28 00:00:00,1505,1,177423.59,37,3,Mumbai,Local,Fire,1
234,2024-04-13 00:00:00,2024-04-28 00:00:00,1347,1,123940.91,15,0,Delhi,Local,Flood,0
235,2024-05-08 00:00:00,2024-06-12 00:00:00,1472,18,48125.98,35,4,Bangalore,Authorized,Flood,1
236,2024-01-11 00:00:00,2024-02-08 00:00:00,1230,15,6831.35,28,1,Chennai,Authorized,Theft,1
237,2024-06-26 00:00:00,2024-07-03 00:00:00,1189,17,174279.58,7,4,Chennai,Local,Collision,1
238,2024-05-30 00:00:00,2024-07-01 00:00:00,1224,11,6211.34,32,1,Hyderabad,Local,Collision,1
239,2024-06-07 00:00:00,2024-06-18 00:00:00,1384,17,175190.93,11,4,Chennai,Authorized,Collision,1
240,2024-02-11 00:00:00,2024-02-21 00:00:00,1376,13,106729.55,10,2,Mumbai,Local,Fire,0
241,2024-04-08 00:00:00,2024-04-17 00:00:00,1282,1,187935.4,9,1,Chennai,Authorized,Flood,0
242,2024-01-07 00:00:00,2024-01-21 00:00:00,1957,2,160159.08,14,4,Hyderabad,Authorized,Collision,1
243,2024-05-23 00:00:00,2024-06-05 00:00:00,1632,9,199590.95,13,0,Pune,Authorized,Theft,0
244,2024-03-30 00:00:00,2024-04-24 00:00:00,1627,3,71440.94,25,2,Bangalore,Authorized,Collision,1
245,2024-04-21 00:00:00,2024-04-23 00:00:00,1972,1,153903.28,2,2,Bangalore,Local,Collision,0
246,2024-02-29 00:00:00,2024-04-04 00:00:00,1744,16,81582.32,35,0,Chennai,Authorized,Flood,1
247,2024-04-22 00:00:00,2024-04-29 00:00:00,1258,6,97015.37,7,4,Delhi,Authorized,Flood,1
248,2024-01-02 00:00:00,2024-01-23 00:00:00,1358,17,126246.08,21,3,Bangalore,Local,Flood,1
249,2024-05-08 00:00:00,2024-05-26 00:00:00,1709,5,174988.07,18,0,Pune,Authorized,Fire,0
250,2024-02-17 00:00:00,2024-02-20 00:00:00,1455,5,196848.53,3,4,Chennai,Authorized,Fire,1
251,2024-05-19 00:00:00,2024-06-30 00:00:00,1410,6,154118.14,42,0,Hyderabad,Authorized,Collision,1
252,2024-02-06 00:00:00,2024-03-16 00:00:00,1648,3,84717.82,39,0,Pune,Authorized,Flood,1
253,2024-06-08 00:00:00,2024-07-19 00:00:00,1317,5,85428.69,41,1,Chennai,Authorized,Collision,1
254,2024-01-09 00:00:00,2024-01-20 00:00:00,1676,5,148041.3,11,4,Pune,Local,Theft,1
255,2024-04-08 00:00:00,2024-05-17 00:00:00,1224,10,49277.87,39,3,Bangalore,Authorized,Theft,1
256,2024-05-26 00:00:00,2024-06-19 00:00:00,1818,10,23873.87,24,1,Hyderabad,Authorized,Flood,1
257,2024-02-17 00:00:00,2024-03-07 00:00:00,1233,19,72215.19,19,0,Chennai,Local,Flood,0
258,2024-05-10 00:00:00,2024-05-14 00:00:00,1683,17,58873.32,4,0,Mumbai,Local,Theft,0
259,2024-05-27 00:00:00,2024-06-22 00:00:00,1663,14,60669.01,26,0,Hyderabad,Authorized,Flood,1
260,2024-05-31 00:00:00,2024-07-08 00:00:00,1974,9,48254.33,38,4,Mumbai,Authorized,Fire,1
261,2024-02-23 00:00:00,2024-04-05 00:00:00,1826,14,10334.45,42,4,Pune,Authorized,Fire,1
262,2024-04-29 00:00:00,2024-05-31 00:00:00,1373,1,5539.04,32,1,Delhi,Authorized,Flood,1
263,2024-06-09 00:00:00,2024-07-18 00:00:00,1671,19,197569.03,39,3,Hyderabad,Authorized,Theft,1
264,2024-05-31 00:00:00,2024-07-06 00:00:00,1607,13,86699.08,36,1,Pune,Authorized,Collision,1
265,2024-04-25 00:00:00,2024-06-04 00:00:00,1471,13,78096.68,40,2,Mumbai,Local,Flood,1
266,2024-03-15 00:00:00,2024-04-21 00:00:00,1232,4,136570.16,37,0,Bangalore,Authorized,Flood,1
267,2024-04-22 00:00:00,2024-05-25 00:00:00,1691,1,45214.27,33,0,Bangalore,Local,Collision,1
268,2024-06-12 00:00:00,2024-07-18 00:00:00,1112,17,190092.31,36,0,Delhi,Authorized,Flood,1
269,2024-06-14 00:00:00,2024-06-17 00:00:00,1829,8,157696.31,3,1,Hyderabad,Local,Collision,0
270,2024-04-13 00:00:00,2024-04-22 00:00:00,1496,2,19703.38,9,1,Hyderabad,Local,Theft,0
271,2024-03-24 00:00:00,2024-04-01 00:00:00,1441,8,84680.99,8,0,Hyderabad,Local,Fire,0
272,2024-04-21 00:00:00,2024-05-24 00:00:00,1563,7,176065.42,33,1,Pune,Authorized,Theft,1
273,2024-04-08 00:00:00,2024-04-14 00:00:00,1267,2,189056.94,6,4,Delhi,Authorized,Fire,1
274,2024-06-01 00:00:00,2024-07-12 00:00:00,1509,3,94545.5,41,4,Hyderabad,Authorized,Collision,1
275,2024-04-02 00:00:00,2024-05-11 00:00:00,1806,18,123455.46,39,1,Pune,Local,Fire,1
276,2024-05-25 00:00:00,2024-05-29 00:00:00,1385,12,35072.72,4,0,Bangalore,Authorized,Theft,0
277,2024-05-07 00:00:00,2024-05-20 00:00:00,1386,1,198251.39,13,1,Mumbai,Authorized,Fire,0
278,2024-04-19 00:00:00,2024-04-21 00:00:00,1112,12,47871,2,1,Pune,Authorized,Collision,0
279,2024-03-22 00:00:00,2024-03-27 00:00:00,1612,5,188660.89,5,1,Bangalore,Authorized,Fire,0
280,2024-02-23 00:00:00,2024-04-07 00:00:00,1624,17,130630.04,44,2,Bangalore,Authorized,Flood,1
281,2024-06-11 00:00:00,2024-07-08 00:00:00,1951,16,122331.89,27,4,Mumbai,Authorized,Theft,1
282,2024-06-17 00:00:00,2024-07-19 00:00:00,1080,15,103512.33,32,3,Bangalore,Local,Flood,1
283,2024-06-09 00:00:00,2024-06-30 00:00:00,1698,15,47672.62,21,3,Delhi,Local,Collision,1
284,2024-03-08 00:00:00,2024-03-16 00:00:00,1112,5,36952.55,8,2,Mumbai,Local,Fire,0
285,2024-02-02 00:00:00,2024-03-11 00:00:00,1001,14,45656.27,38,1,Bangalore,Authorized,Flood,1
286,2024-05-21 00:00:00,2024-05-29 00:00:00,1641,2,38914.78,8,2,Chennai,Local,Flood,0
287,2024-01-21 00:00:00,2024-01-24 00:00:00,1219,11,156357.73,3,2,Pune,Local,Fire,0
288,2024-02-17 00:00:00,2024-04-01 00:00:00,1565,19,71324.8,44,0,Bangalore,Local,Fire,1
289,2024-05-27 00:00:00,2024-05-30 00:00:00,1854,7,13452.85,3,4,Delhi,Local,Theft,1
290,2024-05-07 00:00:00,2024-05-29 00:00:00,1996,6,193882.32,22,3,Hyderabad,Authorized,Flood,1
291,2024-05-15 00:00:00,2024-05-21 00:00:00,1735,2,176989.61,6,1,Bangalore,Local,Flood,0
292,2024-05-14 00:00:00,2024-05-16 00:00:00,1224,6,185694.95,2,3,Hyderabad,Authorized,Collision,1
293,2024-05-24 00:00:00,2024-06-16 00:00:00,1384,18,198991.75,23,3,Chennai,Authorized,Theft,1
294,2024-05-07 00:00:00,2024-06-20 00:00:00,1402,2,36431.26,44,4,Bangalore,Authorized,Collision,1
295,2024-02-02 00:00:00,2024-02-04 00:00:00,1637,18,80455.92,2,3,Mumbai,Local,Flood,1
296,2024-06-24 00:00:00,2024-08-01 00:00:00,1129,15,152131.22,38,3,Hyderabad,Local,Collision,1
297,2024-04-24 00:00:00,2024-05-11 00:00:00,1052,19,139812.08,17,2,Chennai,Local,Flood,0
298,2024-04-28 00:00:00,2024-06-02 00:00:00,1683,2,32471.39,35,4,Mumbai,Local,Flood,1
299,2024-01-22 00:00:00,2024-02-25 00:00:00,1729,6,163534.96,34,0,Mumbai,Authorized,Collision,1
300,2024-06-06 00:00:00,2024-06-29 00:00:00,1671,1,46439.23,23,1,Mumbai,Authorized,Collision,1
301,2024-02-07 00:00:00,2024-03-08 00:00:00,1709,15,46315.89,30,3,Mumbai,Authorized,Fire,1
302,2024-04-18 00:00:00,2024-04-26 00:00:00,1415,10,108320.94,8,1,Bangalore,Authorized,Fire,0
303,2024-02-20 00:00:00,2024-03-13 00:00:00,1246,19,119402.11,22,0,Pune,Authorized,Fire,1
304,2024-01-08 00:00:00,2024-02-21 00:00:00,1835,17,116857.07,44,1,Bangalore,Authorized,Flood,1
305,2024-01-27 00:00:00,2024-03-03 00:00:00,1438,5,20114.39,36,0,Bangalore,Authorized,Collision,1
306,2024-01-27 00:00:00,2024-02-01 00:00:00,1202,4,175737.25,5,2,Chennai,Local,Theft,0
307,2024-01-21 00:00:00,2024-02-03 00:00:00,1183,10,54588.81,13,3,Chennai,Authorized,Flood,1
308,2024-01-30 00:00:00,2024-02-28 00:00:00,1122,17,27643.95,29,0,Pune,Local,Theft,1
309,2024-04-06 00:00:00,2024-05-07 00:00:00,1400,10,177972.12,31,1,Chennai,Local,Collision,1
310,2024-01-28 00:00:00,2024-02-13 00:00:00,1766,17,191219,16,3,Delhi,Authorized,Flood,1
311,2024-04-20 00:00:00,2024-06-01 00:00:00,1293,5,172701.27,42,2,Pune,Authorized,Theft,1
312,2024-03-01 00:00:00,2024-03-31 00:00:00,1279,2,162284.18,30,3,Chennai,Authorized,Theft,1
313,2024-02-17 00:00:00,2024-03-04 00:00:00,1836,6,131737.91,16,0,Pune,Authorized,Fire,0
314,2024-05-26 00:00:00,2024-06-07 00:00:00,1883,2,111069.76,12,2,Bangalore,Local,Fire,0
315,2024-01-04 00:00:00,2024-01-21 00:00:00,1609,13,19223.38,17,1,Bangalore,Authorized,Fire,0
316,2024-02-04 00:00:00,2024-02-20 00:00:00,1197,11,82873.74,16,2,Pune,Authorized,Flood,0
317,2024-02-18 00:00:00,2024-03-01 00:00:00,1981,11,75792.33,12,2,Delhi,Authorized,Collision,0
318,2024-01-17 00:00:00,2024-01-25 00:00:00,1906,16,53431.25,8,4,Delhi,Local,Collision,1
319,2024-06-20 00:00:00,2024-07-10 00:00:00,1510,11,145237.18,20,2,Pune,Local,Fire,0
320,2024-06-06 00:00:00,2024-06-09 00:00:00,1751,19,100183.4,3,2,Chennai,Local,Fire,0
321,2024-02-15 00:00:00,2024-03-02 00:00:00,1143,15,18047.15,16,3,Hyderabad,Authorized,Fire,1
322,2024-04-26 00:00:00,2024-05-26 00:00:00,1608,16,45596.27,30,1,Delhi,Local,Theft,1
323,2024-01-06 00:00:00,2024-01-29 00:00:00,1200,11,137285.24,23,3,Mumbai,Local,Fire,1
324,2024-04-08 00:00:00,2024-05-06 00:00:00,1123,16,17073.91,28,3,Bangalore,Local,Theft,1
325,2024-05-03 00:00:00,2024-06-12 00:00:00,1186,8,170538.97,40,0,Pune,Local,Collision,1
326,2024-02-06 00:00:00,2024-02-11 00:00:00,1325,4,100039.01,5,3,Mumbai,Authorized,Flood,1
327,2024-01-24 00:00:00,2024-02-13 00:00:00,1463,8,97156.14,20,4,Pune,Local,Flood,1
328,2024-04-02 00:00:00,2024-05-12 00:00:00,1348,4,119296.74,40,4,Bangalore,Local,Flood,1
329,2024-02-15 00:00:00,2024-03-30 00:00:00,1770,3,165286.83,44,0,Bangalore,Authorized,Flood,1
330,2024-04-04 00:00:00,2024-04-05 00:00:00,1659,3,70866.22,1,1,Delhi,Authorized,Theft,0
331,2024-04-08 00:00:00,2024-05-08 00:00:00,1763,18,136247.2,30,1,Delhi,Local,Theft,1
332,2024-04-25 00:00:00,2024-05-16 00:00:00,1954,19,114014.93,21,3,Mumbai,Authorized,Fire,1
333,2024-06-08 00:00:00,2024-06-28 00:00:00,1931,19,54871.6,20,3,Pune,Authorized,Theft,1
334,2024-06-09 00:00:00,2024-06-15 00:00:00,1402,5,175968.74,6,3,Bangalore,Local,Fire,1
335,2024-03-07 00:00:00,2024-03-29 00:00:00,1345,18,159890.35,22,1,Mumbai,Authorized,Fire,1
336,2024-05-07 00:00:00,2024-05-25 00:00:00,1962,10,132373.46,18,2,Hyderabad,Authorized,Flood,0
337,2024-01-18 00:00:00,2024-01-26 00:00:00,1510,6,170415.18,8,4,Mumbai,Authorized,Theft,1
338,2024-01-25 00:00:00,2024-03-04 00:00:00,1146,1,173724.25,39,2,Chennai,Authorized,Theft,1
339,2024-02-23 00:00:00,2024-03-26 00:00:00,1147,5,142255.87,32,2,Mumbai,Authorized,Fire,1
340,2024-02-27 00:00:00,2024-03-31 00:00:00,1863,9,167728.64,33,1,Chennai,Authorized,Fire,1
341,2024-03-07 00:00:00,2024-03-23 00:00:00,1710,12,140099.35,16,2,Chennai,Local,Collision,0
342,2024-04-13 00:00:00,2024-04-25 00:00:00,1819,14,136667.87,12,0,Chennai,Authorized,Collision,0
343,2024-06-22 00:00:00,2024-07-30 00:00:00,1488,2,124485.05,38,3,Hyderabad,Local,Fire,1
344,2024-01-24 00:00:00,2024-02-27 00:00:00,1928,17,151037.89,34,0,Mumbai,Local,Collision,1
345,2024-04-23 00:00:00,2024-05-07 00:00:00,1935,14,33403.81,14,4,Mumbai,Authorized,Collision,1
346,2024-02-01 00:00:00,2024-03-08 00:00:00,1639,13,176412.41,36,3,Hyderabad,Local,Fire,1
347,2024-06-23 00:00:00,2024-07-26 00:00:00,1550,9,174625.02,33,2,Bangalore,Authorized,Fire,1
348,2024-03-26 00:00:00,2024-04-18 00:00:00,1337,15,7790.96,23,4,Delhi,Authorized,Theft,1
349,2024-05-30 00:00:00,2024-06-01 00:00:00,1871,15,165511.72,2,3,Mumbai,Authorized,Fire,1
350,2024-05-06 00:00:00,2024-06-16 00:00:00,1640,11,27516.23,41,2,Delhi,Local,Fire,1
351,2024-06-03 00:00:00,2024-06-24 00:00:00,1778,16,68353.53,21,0,Pune,Authorized,Flood,1
352,2024-05-09 00:00:00,2024-05-11 00:00:00,1987,17,149214.63,2,3,Pune,Authorized,Theft,1
353,2024-01-17 00:00:00,2024-02-13 00:00:00,1952,4,33830.46,27,2,Hyderabad,Local,Theft,1
354,2024-04-13 00:00:00,2024-04-22 00:00:00,1472,1,163957.47,9,0,Pune,Authorized,Theft,0
355,2024-06-09 00:00:00,2024-06-10 00:00:00,1945,8,166762.57,1,4,Pune,Authorized,Flood,1
356,2024-05-16 00:00:00,2024-05-27 00:00:00,1150,17,102478.61,11,4,Bangalore,Authorized,Fire,1
357,2024-02-12 00:00:00,2024-02-15 00:00:00,1414,3,3264.4,3,4,Bangalore,Local,Theft,1
358,2024-06-24 00:00:00,2024-07-17 00:00:00,1989,15,58833.55,23,4,Bangalore,Local,Theft,1
359,2024-02-08 00:00:00,2024-03-05 00:00:00,1297,15,124151.53,26,1,Pune,Authorized,Collision,1
360,2024-06-18 00:00:00,2024-06-22 00:00:00,1610,14,196274.86,4,3,Hyderabad,Authorized,Theft,1
361,2024-01-26 00:00:00,2024-02-13 00:00:00,1262,14,127099.08,18,3,Chennai,Authorized,Fire,1
362,2024-04-08 00:00:00,2024-04-14 00:00:00,1763,2,53441.11,6,1,Chennai,Local,Fire,0
363,2024-02-19 00:00:00,2024-03-25 00:00:00,1143,13,127533.13,35,2,Delhi,Authorized,Collision,1
364,2024-06-01 00:00:00,2024-06-23 00:00:00,1345,14,108917.11,22,2,Chennai,Authorized,Theft,1
365,2024-05-31 00:00:00,2024-07-13 00:00:00,1623,19,156409.39,43,4,Chennai,Authorized,Theft,1
366,2024-01-13 00:00:00,2024-01-28 00:00:00,1571,7,23182.17,15,0,Bangalore,Authorized,Theft,0
367,2024-02-29 00:00:00,2024-03-22 00:00:00,1880,3,152683.52,22,2,Bangalore,Authorized,Flood,1
368,2024-05-14 00:00:00,2024-06-20 00:00:00,1001,15,109170.78,37,0,Pune,Authorized,Theft,1
369,2024-02-26 00:00:00,2024-04-08 00:00:00,1896,14,192672.42,42,3,Delhi,Authorized,Fire,1
370,2024-02-05 00:00:00,2024-02-17 00:00:00,1303,11,69690.69,12,0,Mumbai,Local,Fire,0
371,2024-06-21 00:00:00,2024-08-02 00:00:00,1253,15,127259.13,42,3,Delhi,Authorized,Flood,1
372,2024-01-20 00:00:00,2024-02-27 00:00:00,1651,13,186541.56,38,1,Delhi,Local,Flood,1
373,2024-03-05 00:00:00,2024-03-23 00:00:00,1452,18,22296.93,18,1,Hyderabad,Authorized,Theft,0
374,2024-01-08 00:00:00,2024-02-12 00:00:00,1036,6,187571.24,35,4,Pune,Local,Collision,1
375,2024-05-23 00:00:00,2024-06-22 00:00:00,1159,3,138201.37,30,2,Hyderabad,Local,Flood,1
376,2024-05-21 00:00:00,2024-06-14 00:00:00,1008,19,15431.74,24,4,Delhi,Authorized,Flood,1
377,2024-04-24 00:00:00,2024-06-05 00:00:00,1232,15,61590.79,42,3,Delhi,Authorized,Theft,1
378,2024-05-22 00:00:00,2024-06-21 00:00:00,1098,5,142218.07,30,4,Delhi,Local,Theft,1
379,2024-04-01 00:00:00,2024-04-15 00:00:00,1658,10,15335.42,14,0,Chennai,Authorized,Flood,0
380,2024-04-07 00:00:00,2024-04-13 00:00:00,1815,7,117269.75,6,3,Hyderabad,Local,Collision,1
381,2024-03-06 00:00:00,2024-03-09 00:00:00,1207,17,70484.85,3,1,Delhi,Authorized,Flood,0
382,2024-02-01 00:00:00,2024-02-17 00:00:00,1130,7,124941.27,16,2,Bangalore,Local,Theft,0
383,2024-03-26 00:00:00,2024-04-02 00:00:00,1403,12,11056.92,7,3,Pune,Authorized,Theft,1
384,2024-02-20 00:00:00,2024-03-05 00:00:00,1151,17,174564.29,14,3,Pune,Local,Flood,1
385,2024-06-01 00:00:00,2024-06-10 00:00:00,1053,13,194750.82,9,0,Bangalore,Local,Collision,0
386,2024-03-03 00:00:00,2024-03-18 00:00:00,1119,4,193837.82,15,2,Pune,Local,Flood,0
387,2024-05-04 00:00:00,2024-05-25 00:00:00,1672,10,150431.06,21,1,Chennai,Authorized,Flood,1
388,2024-05-29 00:00:00,2024-07-03 00:00:00,1919,3,27757.08,35,3,Chennai,Local,Theft,1
389,2024-02-27 00:00:00,2024-02-29 00:00:00,1627,9,152136.11,2,3,Mumbai,Authorized,Collision,1
390,2024-02-27 00:00:00,2024-03-25 00:00:00,1586,13,6868.21,27,0,Mumbai,Local,Fire,1
391,2024-03-26 00:00:00,2024-03-28 00:00:00,1624,18,6380.46,2,4,Mumbai,Authorized,Collision,1
392,2024-02-18 00:00:00,2024-03-24 00:00:00,1967,15,66074.82,35,1,Pune,Local,Flood,1
393,2024-06-28 00:00:00,2024-07-16 00:00:00,1419,4,98751.35,18,2,Chennai,Authorized,Flood,0
394,2024-06-18 00:00:00,2024-07-02 00:00:00,1421,15,154540.67,14,3,Chennai,Local,Flood,1
395,2024-03-10 00:00:00,2024-03-30 00:00:00,1103,2,137292.48,20,3,Chennai,Local,Collision,1
396,2024-01-15 00:00:00,2024-02-02 00:00:00,1851,15,90288.74,18,1,Bangalore,Local,Theft,0
397,2024-02-23 00:00:00,2024-03-04 00:00:00,1253,8,56178.08,10,4,Chennai,Authorized,Flood,1
398,2024-04-10 00:00:00,2024-05-05 00:00:00,1226,8,199430.65,25,3,Bangalore,Authorized,Flood,1
399,2024-01-08 00:00:00,2024-01-10 00:00:00,1111,17,86383.9,2,1,Mumbai,Local,Collision,0
400,2024-02-22 00:00:00,2024-03-18 00:00:00,1509,12,91374.63,25,0,Mumbai,Authorized,Fire,1
401,2024-02-29 00:00:00,2024-04-02 00:00:00,1472,19,34397.52,33,4,Pune,Authorized,Fire,1
402,2024-04-17 00:00:00,2024-05-23 00:00:00,1098,10,159372.29,36,2,Mumbai,Local,Theft,1
403,2024-01-05 00:00:00,2024-02-05 00:00:00,1152,9,139349.08,31,3,Pune,Local,Theft,1
404,2024-04-12 00:00:00,2024-04-26 00:00:00,1860,5,45712.38,14,1,Delhi,Authorized,Flood,0
405,2024-01-06 00:00:00,2024-01-07 00:00:00,1913,6,18311.45,1,0,Delhi,Local,Collision,0
406,2024-04-18 00:00:00,2024-05-04 00:00:00,1895,2,136738.86,16,2,Hyderabad,Local,Flood,0
407,2024-04-25 00:00:00,2024-04-28 00:00:00,1877,13,131593.22,3,1,Pune,Authorized,Theft,0
408,2024-04-03 00:00:00,2024-05-08 00:00:00,1337,6,56105.39,35,1,Hyderabad,Local,Collision,1
409,2024-02-16 00:00:00,2024-03-28 00:00:00,1705,5,190270.99,41,2,Hyderabad,Authorized,Collision,1
410,2024-04-08 00:00:00,2024-04-14 00:00:00,1821,1,31909.46,6,0,Delhi,Authorized,Theft,0
411,2024-02-24 00:00:00,2024-03-20 00:00:00,1162,6,87602.29,25,0,Pune,Authorized,Fire,1
412,2024-06-16 00:00:00,2024-06-29 00:00:00,1719,6,188835.95,13,4,Delhi,Authorized,Fire,1
413,2024-02-21 00:00:00,2024-03-26 00:00:00,1956,16,85106.01,34,3,Hyderabad,Local,Collision,1
414,2024-05-23 00:00:00,2024-05-31 00:00:00,1680,4,128428.14,8,2,Pune,Authorized,Flood,0
415,2024-01-13 00:00:00,2024-02-03 00:00:00,1995,11,80723.69,21,2,Hyderabad,Authorized,Fire,1
416,2024-04-23 00:00:00,2024-05-27 00:00:00,1160,9,56294.61,34,2,Chennai,Authorized,Flood,1
417,2024-05-03 00:00:00,2024-05-07 00:00:00,1579,3,196827.57,4,0,Pune,Authorized,Fire,0
418,2024-04-15 00:00:00,2024-05-10 00:00:00,1800,19,83048.13,25,3,Pune,Authorized,Fire,1
419,2024-06-06 00:00:00,2024-06-21 00:00:00,1397,8,179031.64,15,4,Hyderabad,Authorized,Flood,1
420,2024-05-26 00:00:00,2024-05-30 00:00:00,1276,5,47531.01,4,1,Chennai,Authorized,Theft,0
421,2024-05-24 00:00:00,2024-06-05 00:00:00,1815,4,44194.73,12,1,Bangalore,Local,Fire,0
422,2024-04-29 00:00:00,2024-05-31 00:00:00,1915,6,8164.55,32,2,Delhi,Authorized,Fire,1
423,2024-03-03 00:00:00,2024-04-04 00:00:00,1503,2,131030.03,32,3,Hyderabad,Authorized,Flood,1
424,2024-01-19 00:00:00,2024-02-16 00:00:00,1895,11,74968.22,28,0,Pune,Authorized,Theft,1
425,2024-04-01 00:00:00,2024-04-14 00:00:00,1391,4,173142.93,13,3,Delhi,Local,Fire,1
426,2024-02-27 00:00:00,2024-03-29 00:00:00,1134,15,95695.56,31,3,Delhi,Authorized,Fire,1
427,2024-03-30 00:00:00,2024-04-13 00:00:00,1194,6,193702.3,14,0,Delhi,Authorized,Theft,0
428,2024-04-26 00:00:00,2024-05-16 00:00:00,1400,17,38734.05,20,2,Bangalore,Authorized,Fire,0
429,2024-03-02 00:00:00,2024-03-20 00:00:00,1639,6,173987.39,18,3,Mumbai,Local,Theft,1
430,2024-01-23 00:00:00,2024-02-21 00:00:00,1032,19,155766.18,29,1,Hyderabad,Authorized,Theft,1
431,2024-05-06 00:00:00,2024-05-12 00:00:00,1687,2,154642.53,6,0,Mumbai,Local,Flood,0
432,2024-05-16 00:00:00,2024-06-17 00:00:00,1459,15,169267.08,32,4,Mumbai,Authorized,Collision,1
433,2024-05-19 00:00:00,2024-06-17 00:00:00,1954,11,152682.75,29,2,Mumbai,Authorized,Theft,1
434,2024-05-08 00:00:00,2024-06-20 00:00:00,1882,8,125991.62,43,0,Delhi,Local,Flood,1
435,2024-02-27 00:00:00,2024-02-29 00:00:00,1469,19,27986.49,2,4,Chennai,Authorized,Collision,1
436,2024-05-01 00:00:00,2024-05-24 00:00:00,1374,13,8440.18,23,4,Delhi,Local,Fire,1
437,2024-01-01 00:00:00,2024-01-20 00:00:00,1021,12,184327.87,19,3,Delhi,Local,Collision,1
438,2024-02-03 00:00:00,2024-03-05 00:00:00,1749,5,124096.76,31,3,Pune,Local,Theft,1
439,2024-04-05 00:00:00,2024-04-10 00:00:00,1669,6,159714.38,5,3,Pune,Authorized,Theft,1
440,2024-05-05 00:00:00,2024-05-24 00:00:00,1037,4,97341.43,19,0,Mumbai,Local,Theft,0
441,2024-04-27 00:00:00,2024-05-31 00:00:00,1229,19,25227.02,34,0,Delhi,Authorized,Theft,1
442,2024-02-17 00:00:00,2024-02-27 00:00:00,1364,1,26786.79,10,2,Mumbai,Local,Theft,0
443,2024-03-29 00:00:00,2024-04-23 00:00:00,1562,17,137741.93,25,3,Pune,Local,Flood,1
444,2024-04-26 00:00:00,2024-04-28 00:00:00,1437,12,87200.57,2,4,Chennai,Local,Theft,1
445,2024-05-08 00:00:00,2024-05-19 00:00:00,1775,15,41703.9,11,1,Hyderabad,Authorized,Flood,0
446,2024-01-16 00:00:00,2024-02-16 00:00:00,1282,1,99335.72,31,2,Mumbai,Authorized,Fire,1
447,2024-03-09 00:00:00,2024-03-24 00:00:00,1026,14,14713.37,15,0,Chennai,Authorized,Theft,0
448,2024-01-22 00:00:00,2024-01-31 00:00:00,1225,6,117230.34,9,2,Hyderabad,Local,Theft,0
449,2024-04-02 00:00:00,2024-04-25 00:00:00,1276,5,55260.69,23,2,Bangalore,Authorized,Collision,1
450,2024-03-16 00:00:00,2024-04-04 00:00:00,1797,11,159916.7,19,2,Mumbai,Authorized,Fire,0
451,2024-06-02 00:00:00,2024-06-11 00:00:00,1608,4,63451.67,9,2,Mumbai,Local,Theft,0
452,2024-05-23 00:00:00,2024-06-27 00:00:00,1283,13,92133.59,35,1,Bangalore,Authorized,Theft,1
453,2024-06-27 00:00:00,2024-07-18 00:00:00,1878,11,4300.87,21,3,Bangalore,Authorized,Fire,1
454,2024-03-26 00:00:00,2024-04-04 00:00:00,1959,3,16344.48,9,4,Mumbai,Authorized,Flood,1
455,2024-01-29 00:00:00,2024-02-26 00:00:00,1480,1,79713.72,28,2,Bangalore,Authorized,Theft,1
456,2024-03-09 00:00:00,2024-03-16 00:00:00,1452,6,97027.89,7,2,Delhi,Authorized,Collision,0
457,2024-02-16 00:00:00,2024-03-03 00:00:00,1828,18,120804.07,16,2,Hyderabad,Authorized,Theft,0
458,2024-04-03 00:00:00,2024-04-19 00:00:00,1815,10,59749.19,16,3,Hyderabad,Authorized,Collision,1
459,2024-05-23 00:00:00,2024-06-25 00:00:00,1658,5,139606.41,33,0,Hyderabad,Authorized,Collision,1
460,2024-06-24 00:00:00,2024-06-28 00:00:00,1515,10,172304.23,4,0,Delhi,Local,Theft,0
461,2024-03-25 00:00:00,2024-03-29 00:00:00,1546,12,156410.5,4,1,Bangalore,Authorized,Theft,0
462,2024-02-08 00:00:00,2024-03-18 00:00:00,1191,2,9844.53,39,0,Chennai,Authorized,Collision,1
463,2024-04-09 00:00:00,2024-05-19 00:00:00,1048,13,97140.38,40,2,Bangalore,Local,Fire,1
464,2024-02-02 00:00:00,2024-02-19 00:00:00,1511,8,22776.18,17,2,Mumbai,Authorized,Fire,0
465,2024-04-10 00:00:00,2024-05-17 00:00:00,1016,2,49924.91,37,2,Pune,Authorized,Theft,1
466,2024-01-23 00:00:00,2024-03-02 00:00:00,1171,1,197359.19,39,1,Hyderabad,Local,Flood,1
467,2024-01-10 00:00:00,2024-02-08 00:00:00,1219,5,30214.12,29,2,Bangalore,Local,Fire,1
468,2024-03-09 00:00:00,2024-04-14 00:00:00,1157,9,100779.85,36,0,Chennai,Local,Theft,1
469,2024-04-09 00:00:00,2024-05-17 00:00:00,1476,17,124394.84,38,3,Mumbai,Local,Fire,1
470,2024-02-03 00:00:00,2024-03-13 00:00:00,1045,9,141088.06,39,3,Delhi,Local,Flood,1
471,2024-06-28 00:00:00,2024-08-04 00:00:00,1372,11,112810.44,37,4,Delhi,Authorized,Theft,1
472,2024-05-17 00:00:00,2024-06-21 00:00:00,1517,15,3934.63,35,0,Chennai,Local,Flood,1
473,2024-05-26 00:00:00,2024-06-02 00:00:00,1098,6,66639.34,7,2,Mumbai,Authorized,Theft,0
474,2024-04-05 00:00:00,2024-05-02 00:00:00,1891,3,104506.91,27,3,Hyderabad,Local,Flood,1
475,2024-01-01 00:00:00,2024-01-29 00:00:00,1744,17,19397.57,28,0,Bangalore,Authorized,Fire,1
476,2024-03-09 00:00:00,2024-03-31 00:00:00,1036,5,71424.13,22,3,Mumbai,Authorized,Fire,1
477,2024-01-04 00:00:00,2024-01-18 00:00:00,1279,12,8574.22,14,2,Delhi,Authorized,Flood,0
478,2024-01-16 00:00:00,2024-01-23 00:00:00,1348,18,17558.54,7,3,Chennai,Local,Flood,1
479,2024-01-24 00:00:00,2024-03-01 00:00:00,1496,14,80590.81,37,4,Chennai,Authorized,Flood,1
480,2024-03-20 00:00:00,2024-04-11 00:00:00,1301,11,28277.72,22,4,Bangalore,Local,Theft,1
481,2024-01-02 00:00:00,2024-01-07 00:00:00,1180,9,114373.09,5,3,Chennai,Local,Fire,1
482,2024-05-07 00:00:00,2024-05-09 00:00:00,1606,2,138514.06,2,0,Chennai,Authorized,Theft,0
483,2024-06-08 00:00:00,2024-07-05 00:00:00,1098,12,160516.17,27,0,Mumbai,Local,Fire,1
484,2024-03-24 00:00:00,2024-04-14 00:00:00,1699,3,41629.75,21,0,Hyderabad,Local,Collision,1
485,2024-05-31 00:00:00,2024-07-08 00:00:00,1992,3,35161.55,38,3,Bangalore,Local,Theft,1
486,2024-05-19 00:00:00,2024-06-03 00:00:00,1115,1,22704.43,15,0,Mumbai,Authorized,Fire,0
487,2024-06-26 00:00:00,2024-07-17 00:00:00,1190,8,128013.19,21,2,Hyderabad,Authorized,Fire,1
488,2024-06-11 00:00:00,2024-06-21 00:00:00,1252,8,141882.19,10,4,Mumbai,Authorized,Theft,1
489,2024-05-03 00:00:00,2024-05-26 00:00:00,1980,11,8254.06,23,2,Pune,Authorized,Theft,1
490,2024-02-02 00:00:00,2024-03-12 00:00:00,1927,9,187370.02,39,0,Mumbai,Local,Fire,1
491,2024-06-09 00:00:00,2024-06-14 00:00:00,1982,5,12290.31,5,2,Chennai,Authorized,Theft,0
492,2024-06-27 00:00:00,2024-06-28 00:00:00,1160,14,109176.67,1,0,Hyderabad,Local,Flood,0
493,2024-06-19 00:00:00,2024-07-02 00:00:00,1255,3,142393.98,13,3,Bangalore,Authorized,Theft,1
494,2024-04-10 00:00:00,2024-05-01 00:00:00,1322,5,174451.89,21,2,Bangalore,Authorized,Theft,1
495,2024-01-12 00:00:00,2024-02-07 00:00:00,1127,5,143389.21,26,3,Hyderabad,Local,Theft,1
496,2024-03-07 00:00:00,2024-03-28 00:00:00,1017,19,160742.16,21,3,Chennai,Local,Fire,1
497,2024-03-05 00:00:00,2024-03-23 00:00:00,1792,14,69211.14,18,1,Delhi,Authorized,Flood,0
498,2024-06-09 00:00:00,2024-07-16 00:00:00,1734,4,163335.37,37,0,Mumbai,Authorized,Collision,1
499,2024-06-16 00:00:00,2024-07-18 00:00:00,1565,13,17862.74,32,4,Chennai,Authorized,Collision,1
500,2024-03-14 00:00:00,2024-04-19 00:00:00,1569,10,179173.7,36,0,Pune,Authorized,Flood,1
501,2024-02-12 00:00:00,2024-02-29 00:00:00,1322,18,110423.29,17,4,Hyderabad,Authorized,Flood,1
502,2024-02-13 00:00:00,2024-03-19 00:00:00,1871,8,163824.96,35,0,Mumbai,Authorized,Flood,1
503,2024-01-29 00:00:00,2024-02-09 00:00:00,1685,8,91559.02,11,3,Bangalore,Authorized,Fire,1
504,2024-05-20 00:00:00,2024-06-10 00:00:00,1791,7,129428.38,21,2,Delhi,Local,Collision,1
505,2024-01-12 00:00:00,2024-02-07 00:00:00,1625,8,106227.73,26,2,Pune,Authorized,Flood,1
506,2024-04-04 00:00:00,2024-04-08 00:00:00,1287,14,146854.73,4,1,Bangalore,Authorized,Fire,0
507,2024-02-15 00:00:00,2024-03-20 00:00:00,1942,19,18162.74,34,4,Hyderabad,Authorized,Collision,1
508,2024-05-09 00:00:00,2024-05-27 00:00:00,1853,6,13949.71,18,4,Mumbai,Local,Theft,1
509,2024-02-04 00:00:00,2024-03-15 00:00:00,1662,1,50926.44,40,4,Hyderabad,Local,Fire,1
510,2024-03-21 00:00:00,2024-04-25 00:00:00,1961,15,33589.85,35,3,Mumbai,Authorized,Collision,1
511,2024-03-30 00:00:00,2024-05-10 00:00:00,1638,1,174613.15,41,4,Chennai,Local,Fire,1
512,2024-01-08 00:00:00,2024-02-06 00:00:00,1154,17,45404.37,29,2,Delhi,Authorized,Collision,1
513,2024-04-02 00:00:00,2024-05-01 00:00:00,1489,1,195221.32,29,3,Chennai,Authorized,Collision,1
514,2024-06-02 00:00:00,2024-07-10 00:00:00,1385,15,68705.37,38,0,Chennai,Authorized,Theft,1
515,2024-03-30 00:00:00,2024-05-11 00:00:00,1985,2,38059.35,42,4,Hyderabad,Authorized,Fire,1
516,2024-06-10 00:00:00,2024-07-01 00:00:00,1784,14,158360.3,21,4,Delhi,Local,Flood,1
517,2024-04-24 00:00:00,2024-06-05 00:00:00,1103,8,132424.14,42,0,Mumbai,Local,Theft,1
518,2024-04-14 00:00:00,2024-04-27 00:00:00,1928,8,100642.75,13,4,Mumbai,Authorized,Theft,1
519,2024-05-14 00:00:00,2024-06-24 00:00:00,1392,19,111961.98,41,0,Pune,Local,Collision,1
520,2024-02-27 00:00:00,2024-03-15 00:00:00,1810,7,144401.95,17,3,Bangalore,Authorized,Flood,1
521,2024-04-23 00:00:00,2024-05-02 00:00:00,1245,19,47234.04,9,2,Pune,Authorized,Fire,0
522,2024-03-15 00:00:00,2024-04-25 00:00:00,1175,6,199274.12,41,0,Pune,Authorized,Flood,1
523,2024-06-05 00:00:00,2024-06-06 00:00:00,1038,6,195009.05,1,1,Mumbai,Authorized,Flood,0
524,2024-04-29 00:00:00,2024-05-01 00:00:00,1476,3,130764.49,2,0,Hyderabad,Authorized,Flood,0
525,2024-06-12 00:00:00,2024-07-11 00:00:00,1681,7,41509.41,29,4,Chennai,Authorized,Flood,1
526,2024-01-21 00:00:00,2024-02-23 00:00:00,1758,19,136685.19,33,3,Chennai,Authorized,Flood,1
527,2024-06-12 00:00:00,2024-06-22 00:00:00,1537,8,16295.28,10,3,Chennai,Authorized,Collision,1
528,2024-05-17 00:00:00,2024-06-26 00:00:00,1866,10,8069.2,40,0,Delhi,Local,Collision,1
529,2024-04-10 00:00:00,2024-05-01 00:00:00,1817,15,53021.21,21,2,Mumbai,Authorized,Theft,1
530,2024-05-31 00:00:00,2024-06-28 00:00:00,1920,15,93599.35,28,1,Hyderabad,Local,Collision,1
531,2024-06-25 00:00:00,2024-07-06 00:00:00,1407,1,173917.96,11,3,Delhi,Authorized,Theft,1
532,2024-04-08 00:00:00,2024-05-12 00:00:00,1524,7,145979.48,34,4,Bangalore,Local,Theft,1
533,2024-02-05 00:00:00,2024-02-13 00:00:00,1827,4,149055.89,8,4,Hyderabad,Local,Fire,1
534,2024-04-05 00:00:00,2024-04-27 00:00:00,1505,6,86247.68,22,2,Pune,Local,Flood,1
535,2024-05-31 00:00:00,2024-06-08 00:00:00,1902,1,70495.13,8,3,Hyderabad,Authorized,Collision,1
536,2024-05-30 00:00:00,2024-06-14 00:00:00,1824,5,75465.68,15,0,Hyderabad,Local,Fire,0
537,2024-02-06 00:00:00,2024-02-23 00:00:00,1035,1,197554.61,17,4,Chennai,Authorized,Collision,1
538,2024-01-12 00:00:00,2024-02-04 00:00:00,1684,4,9941.62,23,2,Hyderabad,Authorized,Theft,1
539,2024-04-22 00:00:00,2024-05-16 00:00:00,1019,2,173672.24,24,3,Pune,Authorized,Collision,1
540,2024-01-13 00:00:00,2024-02-01 00:00:00,1320,10,116577.73,19,3,Pune,Authorized,Flood,1
541,2024-01-23 00:00:00,2024-01-28 00:00:00,1775,5,88845.85,5,3,Mumbai,Authorized,Theft,1
542,2024-04-08 00:00:00,2024-05-10 00:00:00,1511,10,145601.02,32,3,Hyderabad,Local,Theft,1
543,2024-04-14 00:00:00,2024-05-28 00:00:00,1399,1,98360.45,44,3,Chennai,Local,Fire,1
544,2024-01-30 00:00:00,2024-01-31 00:00:00,1653,6,174937.8,1,4,Hyderabad,Authorized,Flood,1
545,2024-01-17 00:00:00,2024-02-09 00:00:00,1971,13,180338.97,23,2,Bangalore,Local,Theft,1
546,2024-04-22 00:00:00,2024-05-29 00:00:00,1882,15,85500.74,37,3,Bangalore,Authorized,Flood,1
547,2024-03-02 00:00:00,2024-03-10 00:00:00,1470,4,56811.9,8,1,Chennai,Local,Collision,0
548,2024-03-24 00:00:00,2024-04-06 00:00:00,1142,13,119285.37,13,1,Mumbai,Authorized,Flood,0
549,2024-04-21 00:00:00,2024-04-29 00:00:00,1091,15,182647.94,8,2,Mumbai,Authorized,Theft,0
550,2024-03-26 00:00:00,2024-04-18 00:00:00,1353,8,43711.11,23,0,Pune,Local,Fire,1
551,2024-05-20 00:00:00,2024-07-02 00:00:00,1833,5,125347.38,43,0,Pune,Local,Theft,1
552,2024-01-19 00:00:00,2024-01-20 00:00:00,1799,15,127048.92,1,0,Delhi,Local,Flood,0
553,2024-06-25 00:00:00,2024-07-19 00:00:00,1726,4,147156.38,24,1,Chennai,Local,Flood,1
554,2024-04-09 00:00:00,2024-05-14 00:00:00,1958,12,28050.4,35,0,Hyderabad,Local,Theft,1
555,2024-05-19 00:00:00,2024-06-12 00:00:00,1853,13,143733.34,24,4,Chennai,Local,Flood,1
556,2024-05-26 00:00:00,2024-06-12 00:00:00,1050,2,181988.44,17,3,Delhi,Local,Collision,1
557,2024-03-16 00:00:00,2024-03-21 00:00:00,1664,19,37577.26,5,1,Pune,Local,Theft,0
558,2024-01-09 00:00:00,2024-01-29 00:00:00,1697,19,49033.58,20,2,Chennai,Authorized,Fire,0
559,2024-01-28 00:00:00,2024-02-18 00:00:00,1574,4,194336.23,21,2,Chennai,Local,Theft,1
560,2024-05-07 00:00:00,2024-06-16 00:00:00,1189,4,37833.44,40,3,Pune,Authorized,Collision,1
561,2024-02-21 00:00:00,2024-03-23 00:00:00,1124,11,171168.25,31,1,Delhi,Local,Collision,1
562,2024-03-23 00:00:00,2024-04-28 00:00:00,1149,5,99471.02,36,0,Pune,Local,Collision,1
563,2024-04-20 00:00:00,2024-05-01 00:00:00,1313,11,50951.75,11,0,Mumbai,Local,Collision,0
564,2024-05-23 00:00:00,2024-06-07 00:00:00,1569,10,174408.48,15,4,Hyderabad,Local,Collision,1
565,2024-04-26 00:00:00,2024-05-15 00:00:00,1341,8,90170.44,19,4,Pune,Local,Fire,1
566,2024-03-09 00:00:00,2024-03-16 00:00:00,1304,6,103933.84,7,0,Delhi,Authorized,Flood,0
567,2024-04-08 00:00:00,2024-05-06 00:00:00,1691,6,73128.21,28,2,Bangalore,Local,Collision,1
568,2024-05-19 00:00:00,2024-07-01 00:00:00,1681,8,119404.27,43,2,Mumbai,Authorized,Collision,1
569,2024-01-25 00:00:00,2024-01-30 00:00:00,1837,15,34377.73,5,4,Bangalore,Authorized,Theft,1
570,2024-06-28 00:00:00,2024-07-03 00:00:00,1782,14,79434.14,5,3,Pune,Authorized,Fire,1
571,2024-05-02 00:00:00,2024-06-01 00:00:00,1053,11,193943.64,30,0,Mumbai,Authorized,Fire,1
572,2024-02-22 00:00:00,2024-03-25 00:00:00,1443,12,53110.42,32,4,Hyderabad,Authorized,Flood,1
573,2024-05-30 00:00:00,2024-06-07 00:00:00,1612,13,132033.86,8,4,Pune,Local,Fire,1
574,2024-05-23 00:00:00,2024-06-02 00:00:00,1992,8,66387.63,10,0,Hyderabad,Authorized,Theft,0
575,2024-02-26 00:00:00,2024-04-04 00:00:00,1263,18,155147.68,38,0,Chennai,Authorized,Theft,1
576,2024-02-08 00:00:00,2024-03-11 00:00:00,1052,1,27912.98,32,2,Bangalore,Authorized,Flood,1
577,2024-04-18 00:00:00,2024-05-16 00:00:00,1571,15,194024.57,28,3,Mumbai,Authorized,Theft,1
578,2024-02-11 00:00:00,2024-02-28 00:00:00,1619,8,91850.33,17,3,Hyderabad,Local,Collision,1
579,2024-06-15 00:00:00,2024-07-16 00:00:00,1004,11,48737.99,31,0,Delhi,Authorized,Collision,1
580,2024-05-21 00:00:00,2024-05-29 00:00:00,1102,12,16552.36,8,1,Hyderabad,Authorized,Theft,0
581,2024-05-01 00:00:00,2024-06-10 00:00:00,1195,12,35612.07,40,4,Delhi,Authorized,Flood,1
582,2024-05-12 00:00:00,2024-06-06 00:00:00,1773,4,104915.24,25,4,Pune,Authorized,Fire,1
583,2024-06-11 00:00:00,2024-06-20 00:00:00,1876,16,68726.63,9,0,Mumbai,Authorized,Flood,0
584,2024-03-15 00:00:00,2024-03-17 00:00:00,1991,4,166118.91,2,1,Hyderabad,Authorized,Fire,0
585,2024-05-25 00:00:00,2024-06-09 00:00:00,1883,5,87315.73,15,2,Hyderabad,Local,Theft,0
586,2024-03-16 00:00:00,2024-03-19 00:00:00,1349,5,51245.43,3,0,Mumbai,Local,Theft,0
587,2024-01-09 00:00:00,2024-02-14 00:00:00,1046,8,124194.71,36,0,Hyderabad,Authorized,Collision,1
588,2024-03-14 00:00:00,2024-03-18 00:00:00,1866,10,141941.89,4,4,Delhi,Local,Fire,1
589,2024-05-24 00:00:00,2024-06-07 00:00:00,1822,17,35074.3,14,0,Hyderabad,Authorized,Flood,0
590,2024-01-07 00:00:00,2024-02-17 00:00:00,1935,9,35188.6,41,0,Bangalore,Authorized,Theft,1
591,2024-06-22 00:00:00,2024-08-02 00:00:00,1819,19,9260.94,41,0,Pune,Local,Flood,1
592,2024-05-20 00:00:00,2024-06-14 00:00:00,1655,14,147807.6,25,4,Chennai,Authorized,Collision,1
593,2024-06-16 00:00:00,2024-06-26 00:00:00,1268,8,133433.3,10,2,Delhi,Local,Fire,0
594,2024-06-18 00:00:00,2024-07-09 00:00:00,1369,9,95976.91,21,2,Bangalore,Authorized,Fire,1
595,2024-05-16 00:00:00,2024-06-21 00:00:00,1635,11,169145.75,36,0,Pune,Authorized,Theft,1
596,2024-06-26 00:00:00,2024-07-08 00:00:00,1105,1,161522.69,12,4,Mumbai,Authorized,Fire,1
597,2024-01-27 00:00:00,2024-02-23 00:00:00,1669,14,117900.16,27,2,Delhi,Local,Theft,1
598,2024-05-01 00:00:00,2024-06-10 00:00:00,1658,5,173917.71,40,2,Chennai,Local,Collision,1
599,2024-01-05 00:00:00,2024-01-07 00:00:00,1656,14,42756.56,2,2,Pune,Local,Fire,0
600,2024-01-29 00:00:00,2024-02-11 00:00:00,1119,4,24160.08,13,4,Chennai,Authorized,Theft,1
